-- MariaDB dump 10.19  Distrib 10.5.19-MariaDB, for Linux (x86_64)
--
-- Host: mysql    Database: as1
-- ------------------------------------------------------
-- Server version	11.2.2-MariaDB-1:11.2.2+maria~ubu2204

/*!40101 SET @OLD_CHARACTER_SET_CLIENT=@@CHARACTER_SET_CLIENT */;
/*!40101 SET @OLD_CHARACTER_SET_RESULTS=@@CHARACTER_SET_RESULTS */;
/*!40101 SET @OLD_COLLATION_CONNECTION=@@COLLATION_CONNECTION */;
/*!40101 SET NAMES utf8mb4 */;
/*!40103 SET @OLD_TIME_ZONE=@@TIME_ZONE */;
/*!40103 SET TIME_ZONE='+00:00' */;
/*!40014 SET @OLD_UNIQUE_CHECKS=@@UNIQUE_CHECKS, UNIQUE_CHECKS=0 */;
/*!40014 SET @OLD_FOREIGN_KEY_CHECKS=@@FOREIGN_KEY_CHECKS, FOREIGN_KEY_CHECKS=0 */;
/*!40101 SET @OLD_SQL_MODE=@@SQL_MODE, SQL_MODE='NO_AUTO_VALUE_ON_ZERO' */;
/*!40111 SET @OLD_SQL_NOTES=@@SQL_NOTES, SQL_NOTES=0 */;

--
-- Current Database: `as1`
--

CREATE DATABASE /*!32312 IF NOT EXISTS*/ `as1` /*!40100 DEFAULT CHARACTER SET utf8mb4 COLLATE utf8mb4_general_ci */;

USE `as1`;

--
-- Table structure for table `answers`
--

DROP TABLE IF EXISTS `answers`;
/*!40101 SET @saved_cs_client     = @@character_set_client */;
/*!40101 SET character_set_client = utf8 */;
CREATE TABLE `answers` (
  `answerid` int(11) NOT NULL AUTO_INCREMENT,
  `answer` varchar(200) DEFAULT NULL,
  `name` varchar(50) DEFAULT NULL,
  `date_added` datetime DEFAULT NULL,
  `questionid` int(11) DEFAULT NULL,
  `productid` int(11) DEFAULT NULL,
  PRIMARY KEY (`answerid`),
  KEY `questionid_idx` (`questionid`),
  KEY `productid_idx` (`productid`),
  CONSTRAINT `productid` FOREIGN KEY (`productid`) REFERENCES `products` (`productid`) ON DELETE NO ACTION ON UPDATE NO ACTION,
  CONSTRAINT `questionid` FOREIGN KEY (`questionid`) REFERENCES `questions` (`questionid`) ON DELETE NO ACTION ON UPDATE NO ACTION
) ENGINE=InnoDB AUTO_INCREMENT=29 DEFAULT CHARSET=utf8mb4 COLLATE=utf8mb4_general_ci;
/*!40101 SET character_set_client = @saved_cs_client */;

--
-- Dumping data for table `answers`
--

LOCK TABLES `answers` WRITE;
/*!40000 ALTER TABLE `answers` DISABLE KEYS */;
INSERT INTO `answers` VALUES (1,'We refurbish the old models and resell them. They are sold for a lower price but work perfectly as well as the same model would have done 10 years ago!','Greg','2024-01-01 00:00:00',1,2),(17,'Haha no! Not at all! That just happens to be the brand\'s name.','adminuser','2024-01-25 16:26:06',2,3),(18,'Yes!','adminuser','2024-01-25 16:52:58',3,6),(19,'So Am I!','adminuser','2024-01-27 19:21:12',33,3);
/*!40000 ALTER TABLE `answers` ENABLE KEYS */;
UNLOCK TABLES;

--
-- Table structure for table `categories`
--

DROP TABLE IF EXISTS `categories`;
/*!40101 SET @saved_cs_client     = @@character_set_client */;
/*!40101 SET character_set_client = utf8 */;
CREATE TABLE `categories` (
  `categoryid` int(11) NOT NULL AUTO_INCREMENT,
  `categoryname` varchar(45) DEFAULT NULL,
  PRIMARY KEY (`categoryid`)
) ENGINE=InnoDB AUTO_INCREMENT=5 DEFAULT CHARSET=utf8mb4 COLLATE=utf8mb4_general_ci;
/*!40101 SET character_set_client = @saved_cs_client */;

--
-- Dumping data for table `categories`
--

LOCK TABLES `categories` WRITE;
/*!40000 ALTER TABLE `categories` DISABLE KEYS */;
INSERT INTO `categories` VALUES (1,'TVs'),(2,'Computers'),(3,'Phones'),(4,'Gaming');
/*!40000 ALTER TABLE `categories` ENABLE KEYS */;
UNLOCK TABLES;

--
-- Table structure for table `customers`
--

DROP TABLE IF EXISTS `customers`;
/*!40101 SET @saved_cs_client     = @@character_set_client */;
/*!40101 SET character_set_client = utf8 */;
CREATE TABLE `customers` (
  `customerid` int(11) NOT NULL AUTO_INCREMENT,
  `username` varchar(50) DEFAULT NULL,
  `password` varchar(50) DEFAULT NULL,
  `email` varchar(100) DEFAULT NULL,
  PRIMARY KEY (`customerid`)
) ENGINE=InnoDB AUTO_INCREMENT=10 DEFAULT CHARSET=utf8mb4 COLLATE=utf8mb4_general_ci;
/*!40101 SET character_set_client = @saved_cs_client */;

--
-- Dumping data for table `customers`
--

LOCK TABLES `customers` WRITE;
/*!40000 ALTER TABLE `customers` DISABLE KEYS */;
INSERT INTO `customers` VALUES (2,'test','c62f60bce54f574daca881635ce633169f8e65d8','test@gmail.com'),(7,'greg','06162f20c663108045469155bc424b39fd19d4c3','greg@hotmail.com'),(8,'test','51abb9636078defbf888d8457a7c76f85c8f114c','test@gmail.com'),(9,'user','a207721d4377033c99a4161e606d7cfbd4b14207','leoplod@gmail.com');
/*!40000 ALTER TABLE `customers` ENABLE KEYS */;
UNLOCK TABLES;

--
-- Table structure for table `employees`
--

DROP TABLE IF EXISTS `employees`;
/*!40101 SET @saved_cs_client     = @@character_set_client */;
/*!40101 SET character_set_client = utf8 */;
CREATE TABLE `employees` (
  `employeeid` int(11) NOT NULL AUTO_INCREMENT,
  `username` varchar(45) DEFAULT NULL,
  `password` varchar(45) DEFAULT NULL,
  `email` varchar(100) DEFAULT NULL,
  PRIMARY KEY (`employeeid`)
) ENGINE=InnoDB AUTO_INCREMENT=7 DEFAULT CHARSET=utf8mb4 COLLATE=utf8mb4_general_ci;
/*!40101 SET character_set_client = @saved_cs_client */;

--
-- Dumping data for table `employees`
--

LOCK TABLES `employees` WRITE;
/*!40000 ALTER TABLE `employees` DISABLE KEYS */;
INSERT INTO `employees` VALUES (1,'adminuser','8439faf5a6990be7f61902db8ce5639e7b30153d ','adminuser@edselectronics.com'),(6,'Greg','090b1191f980ce1276359ff363d388e56d5d25ae','greg@edselectronics.com');
/*!40000 ALTER TABLE `employees` ENABLE KEYS */;
UNLOCK TABLES;

--
-- Table structure for table `products`
--

DROP TABLE IF EXISTS `products`;
/*!40101 SET @saved_cs_client     = @@character_set_client */;
/*!40101 SET character_set_client = utf8 */;
CREATE TABLE `products` (
  `productid` int(11) NOT NULL AUTO_INCREMENT,
  `name` varchar(50) DEFAULT NULL,
  `manufacturer` varchar(50) DEFAULT NULL,
  `description` varchar(255) DEFAULT NULL,
  `price` double DEFAULT NULL,
  `date_added` datetime DEFAULT NULL,
  `categoryid` int(11) DEFAULT NULL,
  `image` longblob DEFAULT NULL,
  PRIMARY KEY (`productid`),
  KEY `categoriesid_idx` (`categoryid`),
  CONSTRAINT `categoriesid` FOREIGN KEY (`categoryid`) REFERENCES `categories` (`categoryid`) ON DELETE NO ACTION ON UPDATE NO ACTION
) ENGINE=InnoDB AUTO_INCREMENT=15 DEFAULT CHARSET=utf8mb4 COLLATE=utf8mb4_general_ci;
/*!40101 SET character_set_client = @saved_cs_client */;

--
-- Dumping data for table `products`
--

LOCK TABLES `products` WRITE;
/*!40000 ALTER TABLE `products` DISABLE KEYS */;
INSERT INTO `products` VALUES (2,'Samsung S7 Edge','Samsung','A compact and uniquely designed phone with masses of functionality',150,'2020-01-12 00:00:00',3,NULL),(3,'Killer TV','Killer','An old fashioned design with a new twist',200,'2021-04-06 00:00:00',1,NULL),(4,'Xbox Series X','Microsoft','An Xbox',590,'2023-01-14 00:00:00',4,NULL),(5,'PlayStation','Sony','A Playstation',400,'2023-02-09 00:00:00',4,NULL),(6,'QuantumView 65-Inch 4K Smart TV','VisualSpectra','Immerse yourself in a cinematic experience with the QuantumView 65-Inch 4K Smart TV. Featuring HDR technology and a sleek design, this TV is perfect for movie nights and gaming sessions.',799.99,'2024-01-25 00:00:00',1,NULL),(7,'QuantumFleet Gaming Laptop','CyberPulse','Unleash gaming prowess with the QuantumFleet Gaming Laptop. Powered by the latest processors and dedicated graphics, it offers high frame rates and stunning visuals for an immersive gaming experience.',1299.99,'2024-01-25 00:00:00',2,NULL),(8,'EchoStream Pro Smartphone','SonicTech','Elevate your mobile experience with the EchoStream Pro Smartphone. Boasting a vibrant AMOLED display, advanced camera system, and fast-charging capabilities, it\'s a sleek and powerful companion.',699.99,'2024-01-25 00:00:00',3,NULL),(9,'TitanX Pro Gaming Console','FutureGaming Co.','Dominate the gaming realm with the TitanX Pro Gaming Console. Featuring cutting-edge graphics and a vast game library, this console delivers unparalleled gaming performance and entertainment.',449.99,'2024-01-25 00:00:00',4,NULL),(10,'QuantumSpeed Ultra-Slim Laptop','TechInnovate','Enhance your productivity with the QuantumSpeed Ultra-Slim Laptop. Featuring a razor-thin design, powerful performance, and a vibrant display, it\'s the ideal device for work and entertainment on the go.',899.99,'2024-01-25 00:00:00',2,NULL),(11,'UltraView 4K Smart TV','VisionTech','Immerse yourself in stunning visuals with the UltraView 4K Smart TV. Featuring advanced HDR technology and a sleek design, this TV brings entertainment to life.',899.99,'2024-01-25 00:00:00',1,NULL),(13,'Asus VIVOBook Pro 5','Asus','A small, compact laptop useful for basic work and small scale development.',449.99,'2024-01-26 07:50:00',2,NULL),(14,'asd','sda','asdas',123,'2024-01-29 12:15:23',1,'\0Exif\0\0MM\0*\0\0\0\0\0\0\0\0\04ICC_PROFILE\0\0\0$appl\0\0\0mntrRGB XYZ \0\0\0\r\0\0 acspAPPL\0\0\0\0APPL\0\0\0\0\0\0\0\0\0\0\0\0\0\0\0\0\0\0\0\0\0\0\0-appl\Z%M8\0\0\0\0\0\0\0\0\0\0\0\0\0\0\0\0\0\0\0\0\0\0\0\0\0\0\0\0\0\0\0\ndesc\0\0\0\0\0\0ecprt\0\0d\0\0\0#wtpt\0\0\0\0\0rXYZ\0\0\0\0\0gXYZ\0\0\0\0\0bXYZ\0\0\0\0\0rTRC\0\0\0\0\0 chad\0\0\0\0\0,bTRC\0\0\0\0\0 gTRC\0\0\0\0\0 desc\0\0\0\0\0\0\0Display P3\0\0\0\0\0\0\0\0\0\0\0\0\0\0\0\0\0\0\0\0\0\0\0\0\0\0\0\0\0\0\0\0\0\0\0\0\0\0\0\0\0\0\0\0\0\0\0\0\0\0\0\0\0\0\0\0\0\0\0\0\0\0\0\0\0\0\0\0\0\0\0\0\0\0\0\0\0\0\0\0\0\0text\0\0\0\0Copyright Apple Inc., 2017\0\0XYZ \0\0\0\0\0\0Q\0\0\0\0XYZ \0\0\0\0\0\0\0\0=XYZ \0\0\0\0\0\0J\0\07\0\0\nXYZ \0\0\0\0\0\0(8\0\0\0\0ȹpara\0\0\0\0\0\0\0\0ff\0\0\0\0\rY\0\0\0\0\n[sf32\0\0\0\0\0B\0\0&\0\0\0\0\0\0\0\0n\0C\0\n\n\r\n\n\n\n\r\r\r\r\r\r\0C                                                   \0\"\0\0\0\0\0\0\0\0\0\0\0\0\0\0\0\0\0\0\0\0\0\0\0\0\0\0\0\0\0\0\0 8i*YJI4\0EXѯX㰅FiH!\0\0\0\0\0\0\0,zyemkSZeq]n#U\0APj&rԼ44\0@W1G4,Dp0p*\ntkCk۵بtfۥa~y6UjFE-Sʨ5\"PK*э\0PAA4wy{S{˗$zĶF*ҩmubL;k90ty>iFr{F\\s%DJԌp\rAPU,;It<5&AiH\nNҖ*YuCs-\\G,KRE9nAh!S,!GAsg\"ss\ni7=	AaUt8rLkb=)gFWЎ*%9\'.n?=Qh9`ZOh\"s˫ZK3[N|J[MHG*yl\0>HE+<bIP`G2\ZW%h(\0de+(@\0ՙ1\\6\r!ʎ;*U\'bDETADQU	]2`U\05U\\­KOV陓E\n(#KYKDO\09FDʮMX:1`G\n+Q\n%l-,u\'#Q\0\n#֢W֥f()b(\n5E@Rɻދ2@\Z@Hh\0P*F#^ZNuֳ5$DF:\"WegRy𕾇KoܳGEVұ𥏮}-rv\nֳZQ\Z8VzDJLNn\0\0\"\0\nGbh8j8@B#+.bJX)Ty*Tii]`zaUEG/R/Lau\0\0\0\0\0\0\0\0P|p>/|<KXOƶ\Z\0Y`2]DTQ@r*kR҄ŘI<h*( \r͍ZP|/Eh\nJbjbb\rŋgSYE\0\0\0\0\0\0\0\0\0\0\0\0\0\0wOb>+	D\nPE\Z\"\nH\0\0\0UUJT!PfB\"D\Z9G\njek˛Io{w\0\0\0\0\0\0\0\0\0\0\0\0\0\0\0\0\0	\0,>69\0$TTMQȊ*\n\rU88ADrDB޾FzR\rO\\\0繧F\0kpP\0\0c\'-Ԁ\0T7c\0(mh+i4@\0:PzfU\0T\0\0\0\0̳ͭY( GU@$ml\0V\0<Z_P<>lb~b|MS|<˝1lw){/{ͻ3<S(gejuςn{s6\\9T@IL%UIMI\Z*@Q*wu%7pA\rYi^5NF&)6i\"ir;xvhao +CKղ:*\r͖ex8;z\"66[J\0\0Ɔ6lPNzSE@HA͂X.ïjfbw,ՇWY_[×W\n8\ZLF\r 7:9뺦z7U\07}# \0\0\0\0Wuǔ%l\'3_z<\\SHI\Z\0\0\0\0\0:>އ\Z\ZdP\0ֹXerFjs6AB*BӖN:uBuc%\"̝n\ry~2@ YDmKETZ1cp+/S?F\0\0\0z](R}о\r:nG \0\0\0\0\0~\'_5tQܺf$rGf;U9eδwTWt\"m_~z\r,-6ahKw4lFT@TC>XK>/]3\"(\0\0\0\0\0\0\0\0\0\0\0\0\0\0\0\0l\07iJѸۚdJ )~WQ%u\\3w<XmǝhQٱEE@\0\0pjHjgS}wqC0\0\0\0\0\0\0\0\0\0\0\0\0\0qga~ahϣ#6\\A5-UqyfZ!\\_#޵ݥG	\'[bǭ:͎G4\Zz\n ִ[Lfctϣd\0\0OY9^E\0\0\0\0f\Zǘ	eN\\iyRABش%e$\rR]7\\rKbdU?h<\0b65.BkePKE2\0EE@QTJ3jXֈvZeMsRO讘;>LWRo;sQa趼yO@C+jļZƀ	c[:8Ov|Rm|3\rF׷+W5p\"85#ֹ #kg\nեT\0hfRZYZQ&>AI?3oϺϧys^} I+WkG\nk%APUEI n_(tU4@c+R8Sҭw4EXAʭ\"(9$-ABbܑQQP\0Q\0QD`@A6O73Rӱ{\"ƆgCk	hTTGB!9*KI\n(U)SEs4ݨ*\rZzXtRZۚTE*RE?I\\|25QV\0PpkhRL?NNcl:𜯰z<^X\n#PHG:54r\"\n\"*\03mLDNN̖mEnF*齟se9Ifjz͕䪋4SR4W: `	\' WIb?M7iz9ӏ&nȒ*6F\"*#$5~O>gAG|z/߇\n5=%IQEIh8c\\p#:Ssso+?Q)UXDU\nŶfcI7V]gދ;OsY}~\\g>\\X4T8P^N}ʃipfz|}<>~\09-״X6icI\Z9j:F5$@[5sÛFռ6&y-jy㤿dzȊ7p;\'\ZSf\\:vCr}Yqbo \" <V4kl_cݰN{҆=c],{|y~{j\"\Z4Y+Ո5EbD*#cgo\"($]ηQ\"&-]ds^g.LN{!ax+>if*r\nVσKkΣAAQe\0S4~>^|\\y^@&#ɿ丹{wǳb\r\"	N\ZO\n֢nkglcoIrBI\\t˛V+!J7掅j5*}=vwSȵ{Y&=\\,0\\1\"QokyOQU}\r?	\r2mK~xg+,񢠊ר(Ӫ#*\0b=**>My̋rlXeIRBh+lsLA,tiFLt4j\\qDl\0lmTċS\n#|\\,Qք}\0GK篤vv&O^l\\a֪ZW1gB7/\rdX\rԱN-7ml3Z##Z,.	+Z	^\nzSu*s}!Nj\0g[|Wy߱|W\Zei@P8s]՘*Z/6.>9+DxjDrJ#eթO:A;.71s66[t$d[Q&EjGdE&mˍ`X\"!ϒr}^:q5035ά\'C|[n;7rn[EEFvٞ\n~nmέeغ%O);5B\n*T+#OXY횹z\\}ubaϭ( dB$#V lͶ\0KSұ9=L\\V%BEut<[&铺LMB7]\\ҞY\nsi=Fokkɽ,Rbc^`+5	]8<\0.{v=#h\0DQG$\\՛W1fQȈ&DIά2G14(ߦH6C_:Ojun$H-/k=5;hBNoк\0\0\0Pû{:<.%<;p~_^m0tR`&ke?=hCSG2{/Mps9\n*Z\rGct@F^ޢ!(ibXHr$Qz6X֖˝^-bfv??`\0TǬةo\0\0\0\0*Ǩ9\0<ѩ<Oƹ#߉X}g^8pT>\'ϱG\'GYr9\ZEGN{#ٝS닑\"wUy&5ҳ,֋-RjxnVnҽ42LչMWty	Qɱ\0\0\0\0c͝@\09~\'!BAPG]9\0g7o\'?%-Ǣ;4VEh{$EsQF<d34ıwZdbY{Cj\\ܭDV#CײlGY=^\r\0\0\0\0\0R\0\0s?Y˿+#\Z=أ𶰷uc3໯\'|ͱ QE@TUk\"G\"X*E4;Q;YNjW:i\",1(\'Wy74Gv;u{n/|@\0\0\0\0v#b|}T3YUBỦQδq;a^_^I;}k׊IZXNVJYTA@z5@r*Bo1R9$V7łJ/5D!DuMVcxlv^#/σzt;jG_o^y3O+^0o\03yplF\"ʜ1\\ls%_\\N˞΋6\rVEۘ!(=F#*M\0洲İ\0PV9E,75w(fa>jIϮ<	GK)dTp\0ia8eGэoA\'vޝ8TŮ|7\'n;tr/yHR ,%^SωW3ט\n\"M!eY*ezDTV!-v\0ldkM>H%L[Ӝ4_!Ydhi=ma1\0\0\0\05h(\05Ybz\05syO7˲\0O$UD9\0-AP\0I%EA$\Z\0%=5\Z5v\Z{c+mϜrMU7\"5QȊ[ώ@9\0\0Qfg\"̽LzHXY!s\Ze}\Z7wG/7!b8AE5TUx6  j-km{,nFmy,9etV,R˪NkP1\0\0u[ud@$Tk/W*S\"1I{σ{;v|waCyO{wv5 E2PבLnxcj\0ZQsA3XcAz^d8fVh\\J0W$^y\0@\0TWֳ_ZPQ%0wOJ$Ѫ4#&>@ʽK淲Ƶ*\\n/;>th\'\\dZzJq UHRVQ#W \"x1$bTz9\"||LTf,ؗ>vZ.VeXʒOR/YٚyT@zgTy@vtaqffTl.\ZcdsQOV/:y0GHU3eVp	\\3c	F5%Hlr:@B<b,կHҙvMĚZ+z˞Vm6u\"<TjO5PUq+i2xq&Bl\04/o6Q:V	^MafFB^j}S1z?kvǵmsӼ%uzĳ2	Xԧ!ȥ5Ĕ#W\"sȞ	*f[Ia\rlIAsEK |*O\Z^,ZL[SZI3o\\QYv\rbUm,hQHr(,lֲ=}_?r(++]T(GJceH`f\ry\"us<V!IӆP\\b7RS(J*IeAe*jZ\Z`f`iAe+\ZPjHk%ɖFVaOʮpge29L2D\\\\t767΋Gbph\r]JeBRkd\Z1\03\0\0\0\0\0\0 !01\"23@A#$45BP%D`\0\0cv\rZU!qg*:-+KVwmsPקDojf;^fRyfJҭ޵\"ҺP]GI3F\nuQcQid_E谢$]*Jgjy]CcJ-=p-cRᰍZTiPϮ0޲T\\AV;5r+VF.1tʗ2o2ZlҴedMH^I\ngz9	<Oeѧ*(s_/3\';Y\'xc7w쮵/9YuWߥ[B]ǆ\'T]A%5-KRW0b!(\\\n/7lrkX26g&md#(xRxTTͦȿ[mnrj(Ie\n]W~Pԑ=oԸUAdpvj|ݠwm󲲲V7BFX\0Bqwm:UԵ+|𯗕k#]jZE`>.u~Ӵ5^;vV\0l&#׽u~Zݑ\\FѮtk\Z0쬥+wn)jixN\ZfyEīMP0@ұ^\"^yجBBg*\n0cޓq˫HP*}69F9r	u?bӨ8&c-bLQJW*LFSF7!66V;iZS5;n݊rдWbխkAs\n\nmxb|Cb*\nu\r5=89x.WpuTJzjWW12f{|+]+/d\"qBh##]rDlAelQe{Tf%)융]+]Q_*a4I)zêpÇWᔘxUᅯ,,??cnPT>B`3bo/{#q1 KLo>!aڿjݸ~$t{ŲH^p؋㍐x#zv\">KSuO*:xGྂhd{	$ߌ	k~\r\0em5U;j!v<^*/eNzλuc\"kQ[OJu@uʣm=~kى瓓\\FoOGBpt!@?+\Z.GNl\0/JG\0i8nuQq&7WQKWSSOc1QQ>#_]Hj%b%!2duDˋCK5n7ˊx-e~\'[Q]PUOէ+d*k~\rT_FC*\nT2f;L*pЏV8G^Uڪzi(/xN+K.\'#ᨢ4SÎpFqn\"\\Wҗ?n	Nh`?D[Kfqe=c<)p0}Mx[N#G<U$h|r2=;lmccLrd֕YN \"[ڇ>}QR\0[?O5=};\ZzZnTu\r+U,QNQR>!RR%<\Z*J5=3tSm<,|6MpCm%3O;v\0j/\\~C۶tfVd\0s-֢r9\Zeg2|F\njz<w@r;DrRmLn<rjyX}<MU>H\"<\'lZNnQQ:Uz+i#Q_k*M\nnF츅SÈb^UT|aX]]Iu\'۪ݬjqO(if-rJ4JȰ\'LF/\n4Q~k$jmTG45#>ޖU(,uAPNr@N,\rQſE%Q4_ԸGX=H©)Tx|^q?o+:B./95F@s+ΨSuTʍI(ՔjG=]+]9\'H֎nu2\0s\noHZB]UƀfRT:nU1\rImEX庞1@ʌ3tNp\Zz\Z:USAGXٚVA%VvYPuw56GP#Okښ˩u4#w&ɫKP(E/yV\04,;VZUKEJ\'I7ѳ[nPyF\Zt.Mh\\\0ia9^Vd\0DŮ	MƧT]:Ack نW,v*FzXeuѪNtr\'ʀF`:\\<r7X1?Ăo1pZa<22^L~b,rrm!nq&A/]JS˪\0ݫ\'x×VN	\r%$LJڇڃ[g2,Ax];bvNKah{,ssØZlr\rgbX\ZSk1֗kErgf%}/M	psQQ`.TZ>vX.\\~6WiKe\rBq\nnsX+\rXWբ\\2\Zet7(|Ib;%2L:襌];MjY[u_MH.vp}*en!KA8\rqưʤ$ݒ5u;g*%WuO5x}i\02͐:\rA\0)/)$kW9XYDY65+YZSQ\Zn-ZS[Xwze\nxm%;im<=썸G\Zʪx)\Zgq +r<g#ءSq-2~![\".scm;m;g>@[Ng%j\r\\ZEp%{hIwL;Faz\Zv\0-Ҵbe\'5wa\n,8bXn$氹2 ܺ.[\n5zp:zR1^zvah`5G,riMcg﹯{\r6=]o\0ԪF;Q*\';nwYjWDi]$+284eh(hcx織6nj@]HQp9ѿZ\n봔MǎOZT\nжj[\"TTVH\\1-mFc܉%F4nVJ(\\{C*Mo|4K^-&s,1]\\嫳n|NƳD2Pō\nˇ:++eOAoɟ%J(jJXGRn\"oˢW{]\0kC-sC)؛꜈MqjtS\"ckд.ZW\\_\'{K]&48~be<,rB<RDPVF\0n\"J\r( Jl77%!djW5jZ֥u{JiZUYY]1\0{<.UTڌe;]ȴ9M^\'|ȫ+geoդAKKh\"Xb#/yrLMA-hbyԺ=]]]]]]jWWWWWϖJEq6SP>I*NletNOhx3$aq!u,% jOyX Cshra6ȨQK\"m,4T6++v5ֺ%<:Q+BlA+e8n<Ƞ9gFD֙IR͵Άw+6\\	i	{pCuu?&&S~%-=<ʪ\'2I\rGhvké94-	Z`l4K9OWWOEel|M::65NCj4ҬU!2W++o]\\h01T8bb25;\'^I%CsUU5{*_G6C`\Z1QMF(Bv?Ug\\^(W6Y]]mߗu\'bMn\ZbG++&v-2ts	B9bOlR~L<t88⮠\Zál(:(KF]/$ll\"/#PWWrۨv鈱FJ.SdkB\n\nIjepMkܣdG,%lB$Ju0TUL̥\njLR7LFvNT}$W4X&mD;\"dbv\'P_%9{ZU/$1*?#gUO۰ZύkS<ֳWҩEv;\\׷n&!L<@ί+]6_2,C5;+u}P7U7匷N#y k9Z*XSkO7v&F;N(g&iFEl#&a.6ƌ.QD[o揳4%8Or`mʶ:2fV+\"nXs9\r7Vrjc-;)eJZU#P`E-o\"oyQ7dvyǿ;eCg:*PKbV#N!deKS*zr;&6á;;ew-n\\®bwZWTB\nZ:edr2VbKXUB_RafX_aȦHCN ii*\nESW5ZTZ^J#sJ\0\ZK@X?y(uZejWWW{]DzdKPpi)k\r(e]]]_iQ6Bվ &7rc5!Ͳa]]j\n\rSYC.5C5<Nk٘jc;oTxuMjSa&@gU5Nk켝\0-6RuOpavaFJdC*i)9d;\"4ܦz$l=7\n5N%W~\ZhI\Zi|>/nO.M}Kŝءy(pn۲>)ӅM*l~fJ#z3㍱08;<geSe=vafe<퉐.ˎH(UD<Y[/93GJu<]J8k#>#O\nhj#2zR2VˇBjI--zcGKUUNKOj12x%пa6XU#*et=]Cs#{Fu2pxȓ{6LoYˍkI\nnQ:i)hYrzccĸlEGSQNAƼ>H\\ s<&c(+&/\'1;X3TM k\'`\ZiuN_rs|10]K}%RIνCSQPU2_zf+\\!O2{#csOv._$A$ͳPa\\mOӳ_	l7\n4:aSM$MmAdؓaOc>!8 Sz@bTR@CVRteS\'e{=GTt2Xyt0jK^|7L_SHct5=,:0jcl3f>Y/QG8\'!iU;l y\r.j{*`mD>	klp2{us7\\u\ZCcwʫ)vgZPSkn\0П\'}429ritw7&|6NO5M0s@|RYOt<f[ťV+}O4^?_s4TDTUo6my݅17WL=\ncJoȅaݱǲ!vWxP<n݁Z\nȣlcGz\rB-alkk\rW:?v6\0Qi6:_8$1KH${<냷Y6*YoٹtÜ&XU\rRg?ד=>lB[gɰ+|/<~WnM?oa[?UfmfszfcI;{b674VVʖ=sT5!ҿ\"}ً\0G#o{W}nsz4M6\0)<l9Bo]jZ9Ըu;蠥ts(~*\0LK+C%݄R(Z<Kck$Drx5/xZJVVQiqI hn\"ȴ\09pj+J[_[Q$DvⰡɂM/\"H`%k8d1uȵtstj+7\n~>OFmv]U>UՌWqvQ5A|PA}T,csNEFaĊ= lv_e[tw*D8iEq	|KtMUsca+cR:x1\Z*fq?15u[vTb8#s12pC2SVWUs]{=G\'j~D\"}En}B1\nUKĵR*b~,|j.-p\0(T[57q$BQ,`U9ʄ\ZFpk\02,~bӈ|~OhNl{Er}NNujú,C*aMUON+L졍tOv]_a6Z֥\Z}e$|Tg|n6]]?f~WBX+&ٺiGzJuף^#b`\\ ?g\0{\\_)ؽIO幏r˫bL#UiV\\9ĿCDپUt\0sgv1]_y}O\nRwk~)l^&6vœ֡jK޹f\r.8=\":mg27LqNSS{L\'WB\0jnkqAv8F:X|B9̗8\\Feel6+__V;MGWJAg\';T\0`.j۲]d/%A:w!\0iZԵnV?;.#\0(\0hwP=Ώ	9jZutOWMJ]4k0\0iW=<>ꁪWl2bnU(S)Ӥј˫nJ]0M]rs$p*m>]̿_+>^RP+z+i5KnphflVVZVeen莠5|aׅ\n:&]rPk@v]9+\\^D&$pRJCm֖ȈU[g!NFϜ^u]]_mH(^Ҭl:pP{W1˙@s_pE\'+m	Co+uZ3Xe!F7hN \nJjiuu}WISْB2+H`DeYCbPpfW,<*(!:c$OװPF,~=EWlAy^jQZ*&{ǹ~XEut_۵ 61\")4\nG\n46X ׃љ_+u}9K\Zkq\0ܬPiVMB.a@}\n\\EkZʾ\rgpo=s\n.\'\":zhqMeeel[ں_eiVR.b.bUjr~kZch	]eenՎ˧~9-+NwW\ni+IZV`w꺮꺮w-e6R6.KRԵ-KPZصjZ0ejWWNV9i+Bk,n\0\0(\0\0\0\0\0\0\0 !01@A\"P2a\0?GN\r0Ejڢ\nc6bo*Vn\\)[*B1xQiS\0*T*}xg}L{\'jn}1EO}1Dr;=\n:	Sp\n((QXB@GT(PQQM\"D*687#:fJe!>Q	s3UU:SBDaE+hU6EglUJv%jttB5(PU3h!j-Pm[XSiǌ)p;vTX_OP­Nz\"|7})Ts(1firgn-اuũڐ\'85\r@뒦xT[rJpP3ZBUj*:JuEGQEJ6OpeR@>VU*8ppWjq\'ӻsr\n`\'um(N3;IPʨ uBEFTU&@\"ЫӎGHLJsb2)1\0*^s6._]Bf\nk\0+ߎb-7}t͏\\u&\Zઞq7KA[vcG3bU28\0K-FmܕIQn(7RH8?N)~M=AnΚRBU_ _ Tuh:^J߼wi(ݪQ̉NN:Cqjy)xͷ=T88)3jQ\\\"WD@6J7\Z\'xD S4\n\rNӏ(Lbrh\\J~6;	T_\0MowbDYF_\"\"zu	ڗ^Jʭ\r\n{MTRJ*TRJ*qYTʕ+rܷ-rܥn[M[\0\'\0\0\0\0\0\0\0\0\00 !1@A\"PQ`\0?\'3L_Z(V;\0s+?TJigh/ҊZ(r\\5!1kN\\zoOѓEcY,o𢶼QYeYuz*mcU9{:()솻m|9K؎).x=\"QKS*VȎ(H\rGHӪ]cjhWg[ّ|{j/E{\rqyuJ\r?<_$,Y*Q#KNeǶg\\HGQ%(m8qlǔQ؆e.2L1*ݮ`+%ʊ=,ٲ4x˽䩚.iK]jF}A=k(M/g7<cpv2BfMd[HPEq!p}(+#\Zȷ>}_sG؍+Liw\\m<O\\HB\'s^!>E}͢|ŴU[L..Ǖtw:eJ//AEQEQEQEQEQEPQEQEQEE\0>\0\0\0\0\0! 1\"0@AQ2aq#PR3BbrCs`$%S\0\0? X\0Un/,*XO<STUzEUE^^\\]M\0|ވ)G)5W.wW(GFeIj\nw*h2ys|Y)\'eKKU1ØS\0fKO~c6?-n?eH.\0ʰ]*[\ZЪV,.>JSF\',[<GMeFzObt)EbG_۷窢AnɝܱGE(,\rxUjcvvZX|uw<jV8\0	zɻ:-,hs\niku\')QS^Kggoߢ\"|H>$/*|faЃgn9]M[󉛶(C$<m1>k B!&^O .Zh165w_g}@R-0\'S~(FT.c#C+]h2da#D!kp݇#}\r\'&Z%4.4	LЅ1+--qg,nڟ1mM٧XsH+-;nLXQY&qbXD^@\ZhN2 NjڊM<*P_.:A؎sVHL\0,̧%َd1/i<Mb85V  x\riW9G{@Vİć)ECvzB\0m>67IeG[h3P-/x\04ZAX=ۏ>3Q[N}TƏ@p\r0Ǌk%eF޳3i{\Z\"9Y&N&Ŗx\"Pbs]2fJC}Xiˉ1L/jS\"{:bluC\';Eiⷴuj+uqQ>XMq8ʏb)thL|\'b\\\'4l\'hqCC&\0ǤЭkq;ٷgʋ{bьhnhsOB[&`i5f& -jVMX,B\"ghvm-Xw!`\"hVC[\'5^k\rz,<D/\Zj\'kx4/rAЦYbOM8.f&TjC%$,\\G8	7>>0(*!UT`3SKӬ=?ٚP۶.HNِLrsQ=h=g͂qX>6#,OTOg{Elhbsn]hi$;hJ:ɻԚM0t0R}8\r7d8++ibhU+yĨW)4.R9+Z\'}>dM@Þ.ɱbIęgOEi[#Q笔G1Dٷ3+\rOY2N*Y%>$;O<i%#ttkU[E<܃-ե2G氶!Ь<M|[/wfEsgd!hkG@`[;;γ05iI-\'E~hwSEjz-*RmSU[y+Un[#q~G?s\0IKn\rRTSrTUrVE Ja<w݌]&tyboE>Qouy)w;ތzvF4c7G**5UajXN&UP-.[ݐ|30yNF|CbrX{Ko+P]^gyS8dC:??**t@	*SU7P*Y(pzjPhMK-5@LLԩH_50tʊ\\)6joi/y[≧]RppROQÃRF[R00y\"vIE+vi*ߥ*E[(2\\S 3F_@#;܈[ܪUCJ6j\Z/-[\\V񚢪U3n;4qX&Scb-!+VHs\n6&}!QW.Uڭoӈ.[W!aU8&GMuB9n2P*F\r᳿U3RTީ[ꗑHsRF\r}]FsddSFIUE^veۧ,ߔH5NH5oTu#q\0Uʣ9-\ZtET>CTQ}\\NNNW4\Z/2;2`tˎrFYĵ{ɻ`oT=]/yNnwPU*rjdۦǛ5<{uMıhŸTȴI+x	h\'jtc~gx{tX6IQK%U\nTqf|)cVaqXQP2 ҡnOݪI\\w<u-1p\0*%SQaLb5[H[N]0C|[ȪtSidÐB	[Vu(bSLCnΛn\'wF谻}[\rWuM@\r}0SDEoSK7UIMy,[0{\"\"\Z-d@U&C[c|Ѵ@\0yz\r2Re\ru^%W-ngl\rR\Z$(;|#v_-nBM,j$3ۉk[*6#{g<1G򤊆c?xQ\'8KDgOXaLbkv?¥뱝NJeׅ\r/	V)n\'\'<-ċnd>oT[DgTS?N	0MQ7ˈ].5B xem5X0Qb:ȸ̪);^#=2~Yba(OFQ0SvcXN2۱:WbuIU*|\Zh.<ZtoQluJ8TL,j*lq+3uRm/3sb^C\nda\\UfZB:h3}P>Je>:S)ItbrjSbea\0Cɶvh7ߋ6	7Ǹ_CުphQcĐ\' p0LH/;\0)[[.Zh{p<#h(>xnL#ŧҰH֚C0`--!-\Z-6jX`*r8jnԖ,.Px]J0nwexzoENz=m)U4\Zyע1IBáNbd,n\'3	PZTyu))bfTVҶ-5[Pq«ܷG[;%\nNi HA_D\nMЎ^K(!\',MjbvOLe0\'a=Sp6u[{<JOӒdmbU/.=HZw3XJ0Ѣn<\"tX(-+Y<.Vh1?\r:xfv\':)a%,T-Oip?l.MݡnORy)ћ$q5\'8(N\\D?c_%\nWUQТDմ^S<L_zoP7[vVq9X]pr}ըS9#\r[OcO?,2z>0|p;ۆnS	Q+7׺d<	>&Щ!\\+JJ[j&#ցM̓qpd4!j|1$zׄC5F;jfl>r8jj4(Rz!eL\Z3@+Ze#f(eM#O0wjEǮtkV/O̧W?|ǒ`2RiĘ6z!~n6MucՒWG\ZyN]hh\'LU7Àc8-Wb,_|0\\wte|#&nW=,SD9,ݹtc+NjYH;pPa\\W`dxZ;춚N9њ:y,o\0\">ar6vj8Dg\"~coI\n]bOrx\r\'G|j3wXCպC<nAChX:IoOu*\\<-2v#<4g:V|#)3<@CDoE3J\"IL\'ߨNkzd+7)dg%x \"-aj\r:GHV&tR>ɮrpX=H\\s>oqĂJ1ߚIH~8`z!.\0KMUM[qjNda*L\0\"`Jd]ťMwb}LІޜ8+?R75o3<U~T7T\"V]8-z--XD]Ìp\"y1@qhSٷtO(Wlp^)jTnۗMM9tZ{יHE,<̗lq~Th]W}0OlԬ\rיȦn\'?z:#Hvp|?r*_HFObFa^xN\"EO[1mqǎUS]Ӎ|!`C8cUNc@˥ Ϥ%$<Գ߇UL-TV^H#:&Cݖ)rFC%\'KQ`u[nb[&f|\Z|֥TO%D-Q$)D:Mޝjc;F^15N`9zR:;\ry/_ #w~A^S84@l2@gtՁ\rKC}8:->AEqiĭ\0o\0*\0\0\0\0\0\0\0!1A Qaq0@P\0\0?!fXH4c/Z244&Bt$zQ1>`\"nh-Nah\rܽcD%\Z1̟Dl%\"LwBI9bxQECF^; ڹ	7`vhJDִCc]i\\Lj4i.*B\n\rE\\Hg+8,e]\r;=pۘ+MND\'^zfevQJ<Qo𨝂!gh\"|j*	y	zXXlkśHӓ;	EUt\Zgp%PF#(Y!>pMV$_/ڳC]$ƉB\'&:\"c->&aUͼe5\"1F*Xfb*NEYXw֩&Jpcl¶X746z-/Ȇ==	Lh;0|TpRkbCHD-Z2`vPNre7hE*dȺz֨\Z\r\Z/\rTQ3a*(:ue5 ׺{APHdAU\'4=mb5%EɢtNf:xBit:;ld!$E|tEWLқ}zBzWR\n1Y)BtcRj<M$B|tF40ƻEDDը74dt]-!^0<y_sl]P2VR\'Ȍf DJTBnDB:@UkITrdv7#bggm\0330؈З9p1>L~J9)]Z\'Dc^uR*&Hȧ7p司oJnq\r$&s\"\"\"\"\'\0i}_Jy < QCߗiLKۃS\"f+_r[ܖ^Gd4ǜSH*cB\n[6Ks4G?Mk=>wt-~KCfu7ZMߕRF]!5Jm3vґ{f\'rHM<le+pf~se=!1~_JWb/4!uzf)ɑ6h	;s5hȕzNnt,ǟv#%ݬ/K9|;Wt?)J^|0۠>4[ieNvK/&wWQlп2WNWiBC]loW2u/洚N_&_,e!\'~:`$ŖE!#R%%F$˕Eu\"!:r!*gҔpk){	/lTV:y\01HƑ{:B|jME@M)K28dWa\0qr?wZ=\r&k+$m;#<;F44B%J0fA¶A1gi*[.S-\n}~M)zER&xޞ/\'iE02\'EJl4K@KؚAhb]be<Onͤl3_,r![\rڟ#Ҝ76a6xj@̊G8*Ƕw?sڏ<\\5;剣J2$cq^ãBF\Z?H\'s|&d\r$@#8OǂQOt!ej[Q}VnFiwf%(R;kc4G\'NRym2:cbJ_M-;JOM_&9ïdѱ\'C>ENf׮z	G_\'\Z˧HNbԌM6hhqƉ91F#q=\0CG{9jܒ*<3OU<p_z4n	ݝ\Z0TMY,g~<ڸQ,b-G\"	5\n-I/06z<iU/bp\0X]VڭD<h3CYNc=%{Id#Dtc{x30uq_g_i*}3cX-rTQHGȭ<,Z\\Xg\Zkؽ#!ng\"n%Pk\nan!;Nl7Q-Pjc?Ɵ;,[	ƽK		\\W=lYpo7.*&DCWɸ4Wkm5Pyك_U{,I!.\n^j͈!\0j9#Dd0*\Zt\0<x2U#8Fa1L sDfȰ=n9XlbnE	VY}Sؾ:\07/̤؜\\N;ga&Q=N16T]Cbw3paT-l\'\"UDSkj+>x-\\cڶ6mհBoCHkď!}Drny	`o3\0sIz	㱌M:ELE1&KDAe|x\"2!0#ƍ3<aI򆶊O!\'y2tlU\r\naγ/pBd6\\k`~oXqy͉X5a^vg-bFg!aEmّ[3LMU\rwA\n̌}@B~UR`GD#dT6]=f>(6z%n:m͉Q8\Zba7+o*.a\'H9$2dP.ѿ!|\0E@$]~D[4LQ%p}cC>˧A+\n*jKS`VpXpMNwiM$!ϡjkhx95CvŮqpC[[/VPV	r9F!*ȃ39:LW4ihc`:<sΓ8m*OM\0GCjFi	Л1$*H\\Px.rmF\'pwFv=l,!>vU6#0$$_ĜݸPO7735qGL\0v,x=It6Gf	0llݕaqCd\074E1ԥ)zXbdn}jJRIfEx\"T=Ұvv{\ZWy၇92 Cl*d6HA(;0=N߉-oN\n5p&\nd$`Xu3<@.zQu(GB0j\rqfTМ\"Z6*Ca3 \rxIbPΝ68iwΛݩ<^ɤۈR[xK\"a#BC3RbY>DCm1]2f`g\'\rd\r	5bgssYm+`f226|lDt(m)tB\rW!-,7aMT9++mnQA%\"7̆FBLsy6֗ER+I u1|Ũg	ݽǄ&L>c6AYL*nxђp=DVO, daЉ\"!	h\"b`B\nԈ-Cq:%sOӒ\"׵ȼv=ws<w}Ņ\\B|H>UwlFQBBd3J]ŨM\\U1\'SDcqTQ֥MkG\\\nedv3EXƹ/F4$׉QȷF#&,W!|\0#$ Zn<A/$Hسd@R`AA1ԨB@ˢBt-DбfFdX~`J[Cb\'5g^-n)t^Z17[O*h^sMl\"? HJJ]!Rt=[!dQ!l2^IqE\"LB<ho$zȅ3r7>$v8\\	FF.ZcVBE9!-lrt:Da$\0]3IF6p\Z9QZ	e/EBMHD&ZNQ*ǱqC1\0B7eQT0[le&O%4)3dd6X1Ҫ\'HiaKَ=wLF0JBJ4jRg5|-dW\\΀&8r#miD2iMh阆p.Yc\"e&7rك<\nB*?νQJR3c\"um0[-j#+Ǐ8FR2!44؉56=#tnI\"ml>U0~g^YŹTzWmj^DŬ	׀\\>JXCBہx=\", mtT_aѝBiuB\"MPvH0ͥZGuɔ lMC8PW4j\"F7\'?.Ŀȵ܋*\'p_YEgN`,N5qIqa3Q\Z߸$ltMFhŸc膇\Z]6MYFma0WsÃB-q/.M)u\'r2C1)ܜ^;4%Qn~2m@	C aЛ[<!HZm\'D>)B!.	r*mZy A7ql\"SѴggbU72\'B臡dբq5J]rnAjk]Ibѓ$(Ihau6)Ӂn2|*@W 1jzcG;^:)Lv_~?ۇ$i )F<Tf[_ZCw_t_!O؝cIM.МMсЪ{<OT%#l!\\⇿^^O\Z~~Uqf\njNU=A韆)Kz,GCAGfc}D$\\m\r>UOd&FS<}q5P:Xi,~<S\0߂(l2z.YM|,7-Wc\r0\Z+W6!vh6}3R;MQ;U<CC\Z$1V\ZOeˇ}NA\'\\6E\"9s1Zo)g	lK.zK]:Qd2j?#HmD?#`Zlcц-,d	Z({(z\'ߕMamZ-l7\ZEF42$Z\"	LE~Sl6x\07nBsԺ-JniP5=/;6h&iP(\n0e\r؆dv\Z-꧹7u[8+K()\rlΌ|XQYYEd=2<HCf͖\rm\"H/C̚`{_n!^nORYi7m\'rҗWB/d@\\:T|^noLc\'gA&XB-t@\Zʤ\"rY$+`lMJ^BD:hNEXA$U.LEdxg\0m8w؝tB}oE1V\Zz#uBݸ\"!9.{ٛe2owг]0]	X}7]ym{ga.L{$AOb\n!)&\"!3vv@\ZOfĝ	]	ЏxW?BM/]`Z\\LBaCԮ%<*6Aq-D4dD};5t6O~gƋz\"VXaD\05Az͉JA?J6ǹf\"J$2{	v2yfm2Y?Z\\iwy&#m\"Sa9#k\r͠GOȷ-`^LSvW}86Q1ƻ0r1}!c[}?a\"}21g7{\"[\rN[ħnIW̮}r~DUQBXȴAץDٛB5yeT-oiB=/fs*BVX}LhocFɻb*e1O*ǀ]c>x\nBWZ\'ţcҗ3љ9[$vd\'%U\\bv\n݌/x&\r2\02N]	cgĴ-!%*E]ƻFCQH1BHA]8٬1}ov<=0>\\<.6S~r9;lOw,c	\0et9c{SD3g1g#zr\r/ {\rJ%dV\nhG}o>R,G𴚌\\QQ)b&祾[+\Z*UB~\r\01;mbȾ_}臦>ı8.tv}2VQxb(dɑz-H`h˽U( 7}cBd<b~̈́T>a\Z\0d&4=y/s<Y%$:L}cn-n\rIE,8d!+	ΫacO4`)N\r8h;:T8L\0\n6ö3OV}ǏTm1ze;Kf8/Sx)Ytn<\n]Ɔ\">ÑI=%_prRcۥ{DhK|;UE=_ben=S n;Ґ[Ɋ}5n51c\Z:jUD89hnƳg*؛N#8N\0?챴]xpc>:$|oh}M,[l>c`=zffP̶\rUΎȽ$GqSLfo\r/[uwv?]+N3H$~RnfK	FAȻ|v\"Z{T|m,\ZUsTlu_/d-OZ^囸!\0cBOey#ͽfJu\n(=eHI!J%*@l\"+\"u&z_7InC]ޘhg_OF\01;B7+[>ogW?WIF3\"H~bG1F5\nNˬdmӁ`;/4?Yk1H\'BƋE\03r\n66XbXTH_\n\n&8hjAZ_&)qɑ:m+&=	ԊaJI|\"ị&@a{/o~r6!WHxUΓqZKzo2<I	\0ӝ6A#1\rmLVշ1ֺԵz~`R \'>(\nlok\"J\r$ޔc\'){4f٦_#V`ޖ͂݉`\'/Si)rj͏5d\"zh	c.t\0[ѱtZm%Voo0T	ю4V2x0{ay\Z)FM!#ovɑviOu]G|#cT>\'_B:yGwZ8)QX]7&..%ﵠK1sБuPяi\nVd uI	.M_!\rDZ1Ŝ-)3RGn4zuh!2!B#	t\'l͏IȈ6G)zo3tW়:y(11Ѓ$_(KDn*ZRIC%h֌!DV\n(oќ&cLn+3)tCz$UupM	0MX<BJ=.W]2oFLVKסh3:6A.A1װ~G\"ޕS^;I_B+{h$5>Z\"igX$iZF$ɡ	GCl!\Z4l~\0_⡝,i*0\Z&)}IE; 7eԢHBtfF\'GLfo[|Pٻ6ˉ\r`CD#kGw1{?M3x\Z	M2RL)u27#i-+,m7Ю,	`[Bo>FG(B1wp\"!SJQ\'\0b~tDjeV0&Pb01Z!96!Fl:a3phnfE4\"HQ:C#q\r8l7N\0ԙI=3FQdq5c?Z)}Z¢SrihB$Nêb]ū ebyژׂ\ZAlJ\nfZfg(JB*Ui:#al)XtڡJMy%M)Wd8Sw*Cc%-(i/Q	|(<\";d٥.mХe(&$EC-&iJ\"{vH	\"@T;7\"?bʻx˥)3J4ǀ䐴A-?Hqo}D~lx+̻Q`g3\ZkH\Zd$+!5ih(mnB%_vJw]Lh2 Wrqjk\nAZ$F9T8C4HIVV6YF/Hl!QP3%b2or\"8cn䒄\\Xgɷn#;((//ΊQh*5Ě.op!`{B~ƲA1+ovǒD!4chB]`5銕2dZekK-Vʃd,$rca/M/BVJ=x{OUɝVR\'FL2̈hE4f7\'	૳#<{1-?ÍMfYc=3b>}#d\'a;4zh{^ЌJ\\smRL)#L!)G>Ϧ_++=Gc\\~=SF҉OB3_o\0\0\0\0\0\0	m83߾ b\')z>X y\0.%cy뻋qa9o<s,@l_L	ʩkL:L0Zvm4c1J٦x媚dYHɚ\"`5}(*\"Hlxy㒥Q\0,IT#8H! cMZQRhTU\ni J&:y\0\0\0\0\0B\\\0$lU`)IJu\"8 \0\0\0\0\0\0\0\0 24\nA̡0Yt|\0\0\0\0\0\0\0\0\0\0\0R*B9,P\0PXq\0 \0\0 \0\0\0JqR$`\00HbI? \0aDCL\0\0F~	,fmN&0Zb+\00Â\0\0\0\0\0\nDuƋ9DyF+\0\0\0\0\0\0d_}HRSA2PI\0\0C \0\0mdBeJ)_\0\0\0\0\0\0\0\0\0\0c5ɓ:r\0DM@\0\0\0\0\0\0\0\0(p}لUawJdC%|i \0\0\0\0H1qo,t]A gƻA\0:L^5$O;ACqx]:&\0$5%gq\nOuuFv^2hՒS_i7ӑn,<xVH;JLIg9nb@(5Ɲu4e@|R/lrh}.f ^\0`,t\\}\0骯eH\\]mA{C%,laK/#\Z.5X58r͂!819A0-;QONֽD1d\'ϴ\0|=#3KRV\0|	J޼uФ=vmsș;K$ͣ(F#KXjBHa	%oTpEi!D?cwg@\\C8zz\Z0ibm7ΖQp x\0\n2Y\0Ήp\0*/=?JQ`\0\0@,/	8+Ou}#^7?抠 \0\0\n\0b{\n,NU\'<p\0\0\0\0$#mQozCDp!,N%\0\0\0	\0u\0zs]tpnf9`NB`\0\0\0\0KY&`U>ZG\"T{\'\"(ubH0RbWqڃ#qђ{Gн7LAyCQʋ#ĒNQG#H\\_|q(]Z\n\Z.1+؄C4^x-(]1FDG%^\0MMa\0#\n4oE/J!/J/GpXV)Q6BB^mY-ʩǁ3\nq:D;慟OE$pD^^j\ZNEi׳kx/yt]VVva[\0Z[LWh;$O\0\'J	S]\0 e\0@,(\0$ޒN=	`zc\0 \0\0\0\0\0\0\0\0\0\0 !1A0@Qaq\0?\"\'Z\'4BLh.VBjIj\n_k-ů댘ǈlZKiK\\،	\nt7CKbiLBsl\0YJQ)\nбr뱲W)JQñ~$GeIp)K~t+/!5c\0?E	!N&M&&~NH~(?[!84QL%d?!Q^b$%CS-\'!1b_׾dɔN>Aa̅/L.%q1r(qJ8\'DgEqe#eQ_ψ\0憱C|ʉ\\1lǱ;;g$;Ep:&!\n>:i84m辮c\Zex1\nS婉b()G4BGLKU4\rmNJQ	. v\r }2Tv\ZXl?is|GxGF-5BG\\b1(DEXVA!!$\"\nuf.Pjr}CiR\Z PPEhH<(-%u	Y)k}}տ6(N\r~JRBtGHM\'q~	/BP߂Ѕj#ph$!=eD&\ZEwF§::2+Ԭ躂T0\ra`\nx%\\oO3C\'{DɄ&K2/A&\\YFt]iX\nD&:2+d\Z<(C;t=16汯_;4p,yBcOb=E (aF!/C^<X5\Z! \\Cą<?tu&_{E*`\"wּAN}1ȬyKOi`cYH\"H1\r0ؔtnF>4b>􇲟	zF x\"Q/zX	oѫ.9\n\'1JQ	\ZjCP{xB@(Zi7л(\"<jwF?rظ\'АQ&\Z\rYtb^˂\\Q\r<	.*H˧(Jz>\\ZO?xr7aS\Z։HG4֊YtK=c$BKN(^\rjˏہXLB^e)QKe=}d#CU(C\Z8Q1B/\0P&Kr!KhzhM(O$?n.!!Ĭɤ<,\0LzN\r\ZbC\Z<Rܢ+J(9eYJRwX(QE\rhe(\0\0\0\0\0\0\0\0\0\0\0 !01AQ@q\0?\0\'˽z$K\"1\\2)KІĄl!dB\rh0{<]QBjX<l!	LĨHQ)K}w[G51v(ر>_}b)pXb>oizK])J\\1/tG?\'[1a\r.ްQL?mXB!֔L1;O^\"capK~(z,=!BaQ}\0 4[ˤ<\"j4B\nQ$7wD-z4DIG<7\rW|B}<BK\nݟ=(&M\n?LᲔFB)JhIB-Fƺ<\\pz:>kzD\\!HC\"nc>;xFni8O/ux\r˖7ȡ6p%XIfሥ<a4r	4%Jxa\Z!p-Kr\r]{щ~Q?쇲b\\4iEσS&p7IQ<|BiF,!$-!W$+\ZiItI! A\'ō)(l7\ZebG.Er#fP鼊51YxCO/̡L2OLً\nsYI892\r[!2&!c\ZOI=\Z!n\'꽡DJR)BʡਿtMed18г>Oж&/R\nKׇ1\0mXnnEr?l`xcXxsZZz܄& ϓJ,SE<E/s\ntRb<nxC\rU!1K#yb^HBG)t&(HM|$ <<R QYY4(ko)r	)\"N0cL!LH@ơqyyDPT4E\'ٍߧ\"!L-)J!8@Ђ	$	$ I$I$!$I$I$I!	RO\0*\0\0\0\0!1AQaq 0@P\0\0?Q7Mgd1כі1yA%1и48Ҵ&0`RYҦ)*z}TAS1&v	Җ!U+ĺ\\{KJCRP%y\"+)4N.CRߜk0#Ob,!(ӚhfflufuWvL)wJWb*.`2ıY\\>ek?i(Xg?gO\n{ψ)Q%yhWſ̿9eEkT\\|\0$a Hnl@F56yTn93pʴp2B ܨ[+\"FVDe1w+J):fˋl\0	}Qa8-=0ҷvLwy)]},ʶ(Y\":EbHeEԼFFP81\rNxyKB?)AЈY6Ya`qS\"	QLCs200VJ`\r%hIkBD\Z\ZY]w\ZAGLXTb\0)$#2\rNXQK\0zCu\nj6a`*T$EK~PKSxCMo#;Mj{PI[%c)D1%\'DiE8IcpHybR%5CBAd(e-Df{R˖r[HYU\"c+p7\nrBdʄ\nʙQFD1+)1)Ռx.mE|KaSAL=$YDb8K1.#[z`a5rlKx\\Lu0	qS0Z33>5f1aQWXQRI3F$J*bR\\ ԲY\ZQ&P3UHw\r&\ZW\na\nyHQ?Dy+B`DxƖJ`*U	O~RsE#=LԸyDd[bvV^\'/4A%f\\ô\'qQ3/AK%%!RN.>a ى&لFXM̈;ǵS*TS$!\0gĬetc\"AIM5+!4*W(j-RXRdN\\]bwRΦ%07.ߛl@֒P<\Zs\'~ȕfQ̺̱D3ĳ.1NIa*gmAS1:Csw	+܈KRJxRO_R0tY3uj(ǋgx&RE1_1m/WW11S^#S2Ĕb:AJ0Mŵ8w)3Է(F̸V\ZK\\W2j@-,@p\0Q؀t?OQTbo0߅Ry\Z9\"|!4!FOrY\nj(;J\rDJ\rO%($&N#Xi.¥}C|\nbeQ\0S$ϗ׸H|~d)L^iY}h\'iRJLº:%J%U~IQ22g1\"S%JMJJ%bDo	rȳx%k4gxIF\re%h\rHeeq)r沷N\0HHA\0K\'A=_\0>{ݱ1\0}p\r?OLlT俣j¡`0Փ:ԢQʒ%=ŏb0\n:JgDFhԱ)ZDtҿQ,ikP-kMh4zOF\r&#,\nܫxuZDpO[2*\n«ޓ\'<~0,b5J:~geu`X~\'Kn3LJLF-++zKkB}(̅3Rô})PDzEE#)*8%.|<+Ad&\"E(oc=k\0E!?O:W #&oZʷbpx7ĺ:3xK,8fQWjLL:|\nS\rC#c	\08J	z\nh=}As=QD\"U԰[CdD:x^9|2B,r.is<o\0QR8K04n\"G[BSDo>@CPG!Rd~U1<٨db_~3U2X72K1#P;u(j^#tG:G\r96\Z1&\Z?P\0B)Ŋ\nMW׊*X)nff֠MexdS\"\'(cl\"HTr\0؇Dt_@k\0tBv1+0mvkC RfT g%#*Z[R)\Z	\0#*XN%KqqQs6ξ413$tC$D\r9k5\0J	xp)p>6:/P%B:Q8ϊ̟/{DCjG&O\nJ0׌LFaLfq\\l1m?\n)5Hf qB2yt:Ƀ:cide߈\Z┯RRK1)!Lbŧ PT\0,\Zf<Yը-\r?&>rqCRǂnT`VN!,tNb\"XFLyT`בcW)*3iG:(BjLzP˔Rt*rg[Fy*\\Nc^-rlj|KrsC5\0EY.˱*T+=bRيqcQ1/%\0[kqx-T y*ZHkF\rQk22(%UĮ2\\D9$ٌ`a*\0Ro\rjǯEWzՎpjnb$>lK\"bpn{-E	DIz%0\"ce)񙎥xg~(x`d;r\"˱G`+GxJWtvpܮɿ`Lb1jbjK\Z9e\0漦K}྇.hE|LmԵԦNÌo*̟\npeXӉ`	}MʣQzCw7h7gXYL<7j(*x\r/dOv zvf@!VAAx}FHZiI~zD	XYM͕Dk&\rW2U6=&2؃5K\'K)Rᒷ^ K	TF(!b!eX@*AaHNҊgЁGZ*hGXۧwtbP\"F ՟P ƓIÁ9jA_8UnZ}9+O,)QC	Eg5\0jжhg\Zx\"\0A(Ӳ!HI#e[t-[B8TʺwD\r|(\"T˿2\r㛀P\'ujgG&=<q!H f|	 RK8(Ptǃ@Z5[PK}M_QOe-\0kF0,<n\0,Al]\0=Yo-T&T_*RUJ.|h{df)$RcG&cVս<YP\0q`dz[\r0SD>K`VI% oB0dY5^̿	gIQڳ,df~\'lG\'SZHCР(:o?,J`L=Ю{dJdza<]\'l$?j$hm/Sі\0e^kd=0@4\0<$c&o L z˶j5?Ђ\"~LAKb~5YFz\02$tVU%~kör+8%$a	|EzD1rBp.1CAE=Ȏ%H=-\0*Z\01S\'эY@Ǳ+\"zqK6lmzs7pPcSo2w#1*ފTOR_ccb539bg5\0re)q+yDEz:J@Q(3&\\0%\0ixP}x0.vm|be,\\DK!2岕!bnTܧVĹ(Yu>dKE\ZUSjO\ZThk\0??&D)l \0\"&oF\0\0>!ߘR`|Q[L#,eUP+2>=!\n`\0\0h?)W#1>u*\ZAx#IK,&ICE^GZPx52ǘ=#C&2cs1\',g^)c]@ms?	DG6H<y4sT+Ls؉\0(P/PEF+TՓkz	\'_\0\0_mXADȈ\0D.*t)6צQ!wdDzޥ -aTaLBd,1)Z\")\ZATJ56+ܢ~\\R\\.6- JJi&\'b\0ZI%ͱ\0BV˸E$/2v֞42T`pq	QPc 	82l9,6\"Øwr\\w;v`ܯ59JOQYL\Z|S)W3On凢L~t5º@0XB]Ic?(\\D:rPu2=TLVM%`KXTDuC1,TI)8e~\"amc\Z(J6Npc,J.W*XD]̿/G	pM!b<C<2\Z02+L\"tŏW$ĬG\0@|ÆT	nkX3V,DUS=J<Q\0[r^ojzbGژhT[K:m,;Brh[2G@`_LܬJ\Z]oq1xAT*8`*I\0}sEπ%Y$k{`Pؔ!6LWLnvULlba\Z̡X<R#</k3;M24X&!b01	|1S,eR\\#bZaИw	oRoTdn\ZVMp z\n?C(a~􀠲S.K}	QǸ#5j2dZaաĿ2G`\"$xzC̿3,u\0sGVQNF%A\0PѯG=\njX˘BS$)\nqqG\Z0ٝ=-JHf	շD2u|{cZ\"Y,m-𲟖)dh	Md1=Z0q`l|T`6bĤ@s%R,as.W`JQ0y	Ιu)k?@u2neYJ+ƥG8H&LMeq-&Bp^_\0@+F|eaz;5nD_()sQ`5_BM\'VدD\0C\0{1OH\0Զ.iYٙf8i|i%#\nFT1?_p@`aC(4\Z\nosr1\0DSN\rAXsHfbX6ctfasGDcbSk~BQ1S8g\r3bjx\ZP}r>7c~9\'؅j_EɉpO9Me|8O+]B0][s AwnmA-;_=Q,4u)K\"i%.G廂3rB@XAv0^)\"AfDd-u5#he1BW±nR0J]Ÿ\"7\rfdCm)zIp.>臵Si&~ ⣣ܴ|~jZkJ	Z(	K&Q(j9ܫ&H!01QF8\'+VGd&=SīHArQ.c3fKwD:x<4s1|jdzn\00@\\ĮD\Zb\ZrE\Z;S,nz\008z>@{\"\n,~ۄyihXx%*9uׅ)#n!~b1\0S-Pp/+D$̈MbjL&C,j/8_R+	nXfR]a1SSRq{Q+P	NCQJeNZW/$51b&9b%GPoH*TIle%\r-*)s9Tq,)c*uT[	m\\`i.(qQ2\n)sEbWw(Jjq߂Q!+\n\0\0ĸ\0/}dAQ\nKx0舳l\0K!(e ,C))\ZM%~^\nmD^\",p-y`H0aA[VHmX\0`:E\rtt\r\nf,#5Q*021&D1MG\"0!AHׅQ*BİHS;kb\nQcZIGn20,(SMՈES07Ps(Q)!]x[\\>!E	tꥪ3(z.xS,4ŖbMKBD+0zH@Yls)\nD4s09lY$DqK2K%@%\"C]iPfq4@:b6o-of\Z:Xp	oUƶ@ s|1ܨ~\ZOO\n!V9Y~K*3V8GxfYT\na!0jƢfcZ]3`^\\&GI\0><F	ԩKC#/iD/EL3<A+e,*e\\ɸ]q\0`͹}\n`\\uֺ>ɝiL08tRkj8FC4LCkn^T)x~{-]0-mH\Z<El\0@8x#sZg0:	utHֹBYicRשOy-5fPL]vyrAl2\06%t9b$f=05,T^D\rK\"*,5neA6:\0.}T0;؉\07RPDDL3pZ%Pb\0&\"㋗\\@Ԭ.K`*ǈF\"Ql\Zbebf2لJR\\E 6DAo%Bg4@%x@f\ZV4Rl}\0FAhXMΒYֱ\0\0QDb5~7+\"\\LRieڎq,XpE\Z-ԦWuf\Z=7DGz9?Pm,ZmBH	tы)%R𭚙A%Agx<CdVe%\n-93jZ-brB*`00hJeTS0.фtXC\"(@^K$cMKA&(s)ĴrVc8`UHy!X.UQSw@V2UhQMdl.9\0SzYjN\'h۟jsZj4<vB.ݏԴ]YEڗX1铍-Z^(&T]d\n\"q-C&6Q\0,lɆu\n1K qjġx]Ų>qXeZFPgSpH1zf#Bǎ<% \0o\' ݺ>Kzs:.ڇiT(\\I\r.06I8S332b-P8R)Ł3/cK9BrBe%[{BXLTll\"P!NsQcR,xEye-19ы!#	xeKP8y\Z$j XG1.\Z\0H\0J4C\0++D>O\\\0sbJ5(*5.ʲ\0~\rPKdӰ(!w\0QЏ\Z1\rpf+ar⥦SLݥum\Zrb\ZUWĜ;W] \nU&P.:L&PIfF1U\"\Z^xÀ	CQGrq,S!\\*mT\0\n35JY_#l`&:\'M	VψEtGg(.(n\0Gu|JZK_mGeЏCGr*Qsԩrś_B\rN%Mhb~Fʹ;јzܾL!q[15wB73B	.\\WsTVNb	E^7lw)`u\ZܩCAZ@hFUk:9%PX	1i6 F/!tڸ4SG\0POS):ɸ3/ɏ!DT1Ŷ y+}ZS\r@)(eO|JBZtT%7.:;Y඙e`f^).%x ;0[cBseԯ7G;epK7T]tK-L`\ZIWT%Kuv/ޜfE S)LRpK&\0	P(u+olSeIʵw\"%%9Z<Gn9g\\rhtJ&=D.B%1-0%JYn]GDy1P`b>d(ׁ(@|ˌr\ZeՄ]Ķ*cL&(\0U^v;\\vJN1#q49,fUī{ga*)&8Rim&5lv>xUNb9lv!՜F\0iZGȩb\Zɘ&\'hByWǅϑQi/NoŨQX,٫~f+Kj	JjC\rK%?gd%\\:DV\r2X,5+)^ UoVzFlFrpw2_erL]3T@$T*(\r;e+^ҿI61mh=+pE`~6nȧ˙CM}I.Z`e\n_wڜ\\c\ZD)\"n.&.藵+QM@FaH_B_)Q)ULL\0(TLfFY.VI ůSEPr\'#ĳ%*>.c>Qn2XCe,A9dH\ne.|2KXnF$B11q\0C Ϣgc\0\Z*6,XMC0i^Pz=3=K+5_!ƢK=Dڣl\r=\0\rD`WWQ=\"fF([\Z{Sߧ?*Q &֠4?b~iv˃!\'mB\r/B\nʃ$ԡ/SOwR%mX8s0 ڵ!R(=ĲWk4u#~C.g]J!\n7~\"QE X?P!H\\25PK#Q= _\"\n0s<\'Lr\n@r D&&*VI~wqGE_..cǅWs\0!dQ񘘗HV|Ԡ~62؞W,\ZQWny=d#j>DTL1,GB/Qr%br@JAܮ9jTN(ͥsQS1jO+TYQ7K^%}c_5,|y\0=]NΈti}M61;{[%\r1;)G`D;%TSLGW~!\ZkSJ6EC)t@N`~	W7nBH:U+-j3z%)㊇JVeđq~ \r\rFs7:4 H꒱K@kkC);$*nV(a;RE)\0dD4\r/\0M;}LN=]ovYP`aDg{tU[T\r`Xof\"YP6\'\"w-5a9^,\'Þ@:gt\Z1xX/PTQfeDs%xǋbs(DS\Z)4L0aIk]W6EQD#kF\'q|P苪>\nj?(i;\0~)\08`,M\'}ɱY}T3Ll1rjBOAL:4X7$wh+saK<9ꈊRiU!a\Zs2#Rn_T9e^.R/i>-3\nZq67AkF&GY&PpGqa[bHpC&&X,2J#3@϶ӿR;los_C+_BN}>,ԴQh/5_YѭʘjE\01Y	G}f\0ec\n=7\0nJw[\'!Ri-X@p\\#YU#4ǔ?&&25PhWKBX}xjxfs@DY@ⵅ	N/~}6΅M=\'\'_I	5Yq[#l)\0lgMX\nz	kąV/,l\Z?J֣6|Bp[\'bǥ\Zc\nCZL2Â=+XL=\\fSmc1 r#j \Zb`\Z,?\0i	2!!\n-v=\\1ĩ%Id[ L!PX9&&llxS\'o#w\0(ĤOCLDb=mvPL~¿18.|~CH\n%))ZC\rWs-<F^qcC4D \Zk@pRzħ$e~lpDBbA.<ANjՊCcL](J>ɼfR	S1S%~ah&*me9_MeqoX\\Ķ\Z 1jq+~B>3x\\jf]1X\0i^),RBnC:SKe-\0O	G\\jD~*Ԫ%J1gAW!,lO\Z`|]ʗR6OX	,1P{j&R\r({D_*z&#Gxu*t=pvyb)S䘙Q+	y\"6R2#P\"Ev*\n8)*5G ]J#l(C--sQrWNe\0cY!U.78D-!b((U*Djb15vve\nr\'dJs_Fq\ZkaU2^k*0[PؒBM?Y}W3{Y\0;n:K0!bd,W	ϖTԲ;fJR:ȗ:,=DJIXD2\rx/CE{id%\n+SaO?4C}FEhh\0~ `s	kOL,rx3}DĒ\Z^ǉ\rj9W5p/PRrDV\r*6x5.> V/ƨ,f70K֥!,#0q~+љl`}7)\ZBF(=q43#벚aR\Z)2c\"!6\n}#*JC2SX@13`:n0dLe{\Z&!#6UubDԶjV=X;Vㅢ^1<U*}.9Sr0zPi@4\\y9\0\"FvL)},q~\rGQ,C0FR:\r7\"WR\n=ZmmLH)匨$G忀#y;G,Qy}ʍGGXFڌA1R㸷S%9o00A&\0Lc]o0XR08X1M=B_㯾Ao פ\\,aye?DOH27YXW%s9ቀMnbsՖHJa1]?H:q*S\\xb\\Ixqrɴnrygd\\P+X>UtH8c_S9t0DT4~BMgD\0U4`W!t0Ld_%4\0C\rfx4[YELa߶XhY@[\Zx\0;-iJ0ңz;S_6>TDye鲱weg/FL5X7K̫sx\n9Vaa+r;jTq˔,xko3:pKrMO.*+^逳31(*T\"4\'6^E	(D;0a9Y!P?f!Fa\n#~}Jb˘h}`.Pq\\Dk\0]TLY$3(Ըb13+Ibp(\'\\ڱ3D\rE\'fѵz=0Bâ8W6fh)`R/ٸxuc\\;!*`cYP.i\"\rPfKڤ)B.|#YHȉC,>~/ $s\0dJ@n\'{:9D\0^dT$)Z7O%YOhuۼؐ/@/+SPG>j=Cv:CFHܳ>Hpf+f786^\n=-Nܰ3ޡFY&/]hcqofT.nf:M<\ZSHM#+\ZLJfD\r\Z]b42u,~%_!gZ~I-`-*gR=z!Xܻ~z#Zn9\n\r\0\01 UCH=!6	W19S)3Եq\ZwdI>5!)?̷P[c]CS5ON.F7I.eE3IƠR>OO\rmiJTԺQc\Zh0ܱ)MaME?D.e)%Y@7p._0r\0b\0Lz>t*negRΥK^.؄xX8Ủ5ˊ,OHq(}Jx*sOa5at\0J!ULs)ÉFc_YwDf\nM<%{>Ly+S\rׂmш<#\nݿ\0u5˗,q7/N\"7)\0S\\3p|(S8N%Jϩ-Xfu#z\Zeqw-U(XEZ*e_xbmFEtϐ7+1K/\\2׈b<XbY.J\".j]Rȉ(Ad(*ZY~xw+ac]&ʔ1=nT0A^*:;sCVxA`x1<4\'NE2\02ŧ2ԸnQf;M8GEOi--p\nGG0j]M&Rm%D\'D+AtTlj/@J\Z\0~uPy};(TC{GRKs-p*\0JDA 0S\0-?tGjzP6T0i4Tnzv@1xqR!xQ`S=GVN\ncUuK/h?d`.S\\uEf0S=29!h\\K	{b:L¢֡U6\0\noq)~aP\"U#Ĳa\rӖE,bQ)#ZZb⸈JIim̐L)~n\\~\\!*֡p}L\n-1~FzǂIC)Aਨ)J}?(O4E+tO(n%Jr╈2~ѯ؉d^?C0s*C\\(qK	M^Xq/ܤ72ϙV@{(}L\"KbPp\0V3\n0tP9y!TFqLz\"<6\'2%ɡhɉ\0\rDkP왑g7EC̱.qԣ5Eખ/%R0h#nqFNS,)a*^e<faU(ZbqĲ1YW	ÒCrԪE~Z]f| <LT\"u(P-*QsG~G-ZGTh YR,jda*-!fcC|	YSiDFyx.w)a [J*DU8GbL`D		rY^e6\"8+Q+rh̛r!K\"43hpeĵtV[vB*he@u1a\n+\0CZT#Z/x(3:QR-xĺ	cD\r&=ʕ~*\0fLK.c3#@ jSaŽ+q*aClP`[ʪȬS\n)Ļħs=\"?,%\\T(lH.HUp)D60E=r	?s5&vaqT>@\Z.aN;1|F.&#.g	>nƐZ9d.Uq\0wX*iGR%[HK/ҋ\"KUŻτ	~/>0itOnSOH\'ĸGxF[111-na/ǀgV/Pn߯9FE⑎o4*.a]ƅ[ p*D9P8Ktih>bEpK#kg#Ct^ߒĵ1ϘpC*8T6fi*lV&A#?Aoҵ]N\"(3dgE?œFұ2%j| :HLzL!U|iFEYИU:O]tF`{	`<M!teOIrgQeBa؄T;8&e](f˜G =տjķm3Ӟ\"}x?quf%E;b\r9C^K(_z+H6\0hB\0ȼPfmq0^Hs)zAɈ`ҙM%*bd3	ꈔ!#Rqf5\0R٨Sx˃-P3%[FrȱYE6񩊦cV{`1ܳQċq\0b+lN|\0l.1KsMK2~a4pKؚrg9b/ٜP(\"rɵ~b\'KcnR9\"Nkl\nRXbFѦUrų蒼Q˲	bLb>X?#2u dKR`7ܹ=07q`**Z_W/Զj	LSɱn\ZT(1.7:6XrV^-)RɎ|``Ba$@ESdKT@؃RT#dꥌ3M@;j`P	p<yR(#\n([\07NQ1!!/(_=^KOz{ܞ\"txP]j1\"1S؞29%-!ToEOEi~-\'1?i\0 sٞxg(QDt>Ik@F-[Q낰[{\'\'ş$#<߇#	!;c>ߑ8\r~B0x?/');
/*!40000 ALTER TABLE `products` ENABLE KEYS */;
UNLOCK TABLES;

--
-- Table structure for table `questions`
--

DROP TABLE IF EXISTS `questions`;
/*!40101 SET @saved_cs_client     = @@character_set_client */;
/*!40101 SET character_set_client = utf8 */;
CREATE TABLE `questions` (
  `questionid` int(11) NOT NULL AUTO_INCREMENT,
  `name` varchar(50) DEFAULT NULL,
  `question` varchar(200) DEFAULT NULL,
  `date_added` varchar(45) DEFAULT NULL,
  `answered` tinyint(1) DEFAULT 0,
  `productid` int(11) DEFAULT NULL,
  `moderated` tinyint(1) DEFAULT 0,
  PRIMARY KEY (`questionid`)
) ENGINE=InnoDB AUTO_INCREMENT=34 DEFAULT CHARSET=utf8mb4 COLLATE=utf8mb4_general_ci;
/*!40101 SET character_set_client = @saved_cs_client */;

--
-- Dumping data for table `questions`
--

LOCK TABLES `questions` WRITE;
/*!40000 ALTER TABLE `questions` DISABLE KEYS */;
INSERT INTO `questions` VALUES (1,'James','Isnt this a very old model of phone? Why are you still selling it?','2024-01-25 09:39:56',1,2,1),(2,'Jessibelle','I notice this TV says Killer... DOES IT KILL YOU?!','2024-01-25 16:26:06',1,3,1),(3,'Michael','Does it work?','2024-01-25 16:52:58',1,6,1),(25,'greg','This product is called \"Killer TV\"! Does it kill you?!?!','2024-01-27 19:19:09',1,3,1),(33,'greg','I am testing the email system!','2024-01-27 19:21:12',1,3,1);
/*!40000 ALTER TABLE `questions` ENABLE KEYS */;
UNLOCK TABLES;

--
-- Dumping routines for database 'as1'
--

--
-- Current Database: `csy2088`
--

CREATE DATABASE /*!32312 IF NOT EXISTS*/ `csy2088` /*!40100 DEFAULT CHARACTER SET utf8mb4 COLLATE utf8mb4_general_ci */;

USE `csy2088`;

--
-- Dumping routines for database 'csy2088'
--
/*!40103 SET TIME_ZONE=@OLD_TIME_ZONE */;

/*!40101 SET SQL_MODE=@OLD_SQL_MODE */;
/*!40014 SET FOREIGN_KEY_CHECKS=@OLD_FOREIGN_KEY_CHECKS */;
/*!40014 SET UNIQUE_CHECKS=@OLD_UNIQUE_CHECKS */;
/*!40101 SET CHARACTER_SET_CLIENT=@OLD_CHARACTER_SET_CLIENT */;
/*!40101 SET CHARACTER_SET_RESULTS=@OLD_CHARACTER_SET_RESULTS */;
/*!40101 SET COLLATION_CONNECTION=@OLD_COLLATION_CONNECTION */;
/*!40111 SET SQL_NOTES=@OLD_SQL_NOTES */;

-- Dump completed on 2024-01-30 14:35:26
